-- phpMyAdmin SQL Dump
-- version phpStudy 2014
-- http://www.phpmyadmin.net
--
-- ä¸»æœº: localhost
-- ç”Ÿæˆæ—¥æœŸ: 2019 å¹?01 æœ?04 æ—?11:07
-- æœåŠ¡å™¨ç‰ˆæœ¬: 5.5.53
-- PHP ç‰ˆæœ¬: 7.0.12

SET SQL_MODE="NO_AUTO_VALUE_ON_ZERO";
SET time_zone = "+00:00";


/*!40101 SET @OLD_CHARACTER_SET_CLIENT=@@CHARACTER_SET_CLIENT */;
/*!40101 SET @OLD_CHARACTER_SET_RESULTS=@@CHARACTER_SET_RESULTS */;
/*!40101 SET @OLD_COLLATION_CONNECTION=@@COLLATION_CONNECTION */;
/*!40101 SET NAMES utf8 */;

--
-- æ•°æ®åº“: `test`
--

-- --------------------------------------------------------

--
-- è¡¨çš„ç»“æ„ `w_admin_power`
--

CREATE TABLE IF NOT EXISTS `w_admin_power` (
  `id` tinyint(3) unsigned NOT NULL AUTO_INCREMENT,
  `mc_name` varchar(20) NOT NULL COMMENT 'æ¨¡å—/æ§åˆ¶å™¨åç§°',
  `biaoshi_name` varchar(20) NOT NULL COMMENT 'æ¨¡å—/æ§åˆ¶å™¨æ ‡è¯†å',
  `pid` tinyint(3) unsigned NOT NULL COMMENT 'æƒé™çº§åˆ«',
  `icon` varchar(20) NOT NULL COMMENT 'å›¾æ ‡',
  `sort` tinyint(3) unsigned NOT NULL COMMENT 'æ’åº',
  `is_sys` varchar(1) NOT NULL DEFAULT '0',
  PRIMARY KEY (`id`),
  UNIQUE KEY `mc` (`mc_name`)
) ENGINE=MyISAM  DEFAULT CHARSET=utf8 COMMENT='ç®¡ç†å‘˜æƒé™' AUTO_INCREMENT=41 ;

--
-- è½¬å­˜è¡¨ä¸­çš„æ•°æ® `w_admin_power`
--

INSERT INTO `w_admin_power` (`id`, `mc_name`, `biaoshi_name`, `pid`, `icon`, `sort`, `is_sys`) VALUES
(1, 'admin', 'ç®¡ç†å‘˜ç®¡ç†', 0, 'icon-user', 2, '1'),
(2, 'back', 'åå°ç®¡ç†', 0, 'icon-home', 1, '1'),
(3, 'sys', 'ç³»ç»Ÿç®¡ç†', 0, 'icon-settings', 10, '1'),
(5, 'ai', 'æ™ºèƒ½å°å·¥å…·', 0, 'icon-wrench', 3, '1'),
(6, 'admin/User', 'ç®¡ç†å‘˜ç”¨æˆ·', 1, '', 1, '1'),
(7, 'admin/Role', 'ç®¡ç†å‘˜è§’è‰²', 1, '', 2, '1'),
(8, 'admin/Power', 'ç®¡ç†å‘˜æƒé™', 1, '', 3, '1'),
(9, 'back/Index', 'åå°é¦–é¡µ', 2, '', 5, '1'),
(10, 'back/Uinfo', 'ä¸ªäººä¿¡æ¯', 2, 'icon-user-follow', 4, '1'),
(11, 'back/Login', 'ç™»é™†è®°å½•', 2, '', 0, '1'),
(12, 'back/Operate', 'æ“ä½œè®°å½•', 2, '', 0, '1'),
(13, 'back/LockScreen', 'é”å±', 2, 'icon-screen-desktop', 2, '1'),
(14, 'sys/Stype', 'è®¾ç½®åˆ†ç±»', 3, '', 1, '1'),
(16, 'sys/Sset', 'ç³»ç»Ÿè®¾ç½®', 3, '', 0, '1'),
(18, 'ai/Nav', 'AIå¯¼èˆª', 5, '', 11, '1'),
(19, 'ai/Page', 'AIæ–‡æ¡£', 5, '', 0, '1'),
(33, 'ai/Html', 'é™æ€æ–‡ä»¶', 5, '', 5, '0'),
(32, 'test', 'æµ‹è¯•æ¨¡å—', 0, 'icon-film', 255, '0'),
(31, 'log/Login', 'ç™»å½•è®°å½•', 29, 'login', 5, '1'),
(29, 'log', 'æ—¥å¿—ç®¡ç†', 0, 'icon-calendar', 10, '1'),
(34, 'test/Ceshib', 'ceshib', 32, '', 7, '0'),
(40, 'test/Ceshib/Aa', 'aa', 34, '', 15, '0'),
(36, 'test/CesChaildren', 'cesChaildren', 32, '', 5, '0'),
(37, 'test/Ceshib/Ceshib', 'cesccbbb', 34, '', 5, '0'),
(39, 'log/Operate', 'æ“ä½œè®°å½•', 29, '', 5, '1');

-- --------------------------------------------------------

--
-- è¡¨çš„ç»“æ„ `w_admin_role`
--

CREATE TABLE IF NOT EXISTS `w_admin_role` (
  `id` tinyint(3) unsigned NOT NULL AUTO_INCREMENT,
  `r_n` varchar(20) NOT NULL COMMENT 'è§’è‰²åç§°',
  `r_d` varchar(20) NOT NULL COMMENT 'è§’è‰²æè¿°',
  `powers` varchar(255) NOT NULL COMMENT 'è§’è‰²æƒé™',
  PRIMARY KEY (`id`)
) ENGINE=MyISAM  DEFAULT CHARSET=utf8 COMMENT='ç®¡ç†å‘˜è§’è‰²' AUTO_INCREMENT=21 ;

--
-- è½¬å­˜è¡¨ä¸­çš„æ•°æ® `w_admin_role`
--

INSERT INTO `w_admin_role` (`id`, `r_n`, `r_d`, `powers`) VALUES
(1, 'è¶…çº§ç®¡ç†å‘˜', 'è¶…çº§ç®¡ç†å‘˜æ‹¥æœ‰å…¨éƒ¨æƒé™', '["all"]'),
(8, 'ç¬¬ä¸‰æ–¹çš„è¯´æ³•', 'ç¬¬ä¸‰æ–¹çš„è¯´æ³•', '["3","14","16","5","18","19","32","33","36","34","40","37"]');

-- --------------------------------------------------------

--
-- è¡¨çš„ç»“æ„ `w_admin_user`
--

CREATE TABLE IF NOT EXISTS `w_admin_user` (
  `id` tinyint(3) unsigned NOT NULL AUTO_INCREMENT,
  `name` varchar(50) NOT NULL COMMENT 'ç”¨æˆ·å',
  `pass` varchar(40) NOT NULL COMMENT 'ç³»ç»Ÿç”¨æˆ·å¯†ç ',
  `r_id` tinyint(3) unsigned NOT NULL COMMENT 'è§’è‰²',
  `email` varchar(40) NOT NULL COMMENT 'é‚®ç®±',
  PRIMARY KEY (`id`)
) ENGINE=MyISAM  DEFAULT CHARSET=utf8 COMMENT='ç®¡ç†å‘˜ç”¨æˆ·' AUTO_INCREMENT=17 ;

--
-- è½¬å­˜è¡¨ä¸­çš„æ•°æ® `w_admin_user`
--

INSERT INTO `w_admin_user` (`id`, `name`, `pass`, `r_id`, `email`) VALUES
(1, 'admin', 'a160e10adc3949ba59abbe56e057f20f883edd60', 1, 'php.develop@qq.com'),
(3, 'abcd', 'a160e10adc3949ba59abbe56e057f20f883edd60', 1, ''),
(15, 'aaa', 'a1604297f44b13955235245b2497399d7a93dd60', 20, ''),
(16, '15254', 'a16025f9e794323b453885f5181f1b624d0bdd60', 8, ''),
(13, 'abc', 'a160e10adc3949ba59abbe56e057f20f883edd60', 19, '');

-- --------------------------------------------------------

--
-- è¡¨çš„ç»“æ„ `w_ai_nav`
--

CREATE TABLE IF NOT EXISTS `w_ai_nav` (
  `id` tinyint(3) unsigned NOT NULL AUTO_INCREMENT,
  `nav_name` varchar(20) NOT NULL COMMENT 'å¯¼èˆªåç§°',
  `nav_biaoshi` varchar(20) NOT NULL COMMENT 'å¯¼èˆªæ ‡è¯†å',
  `keyword` varchar(20) NOT NULL COMMENT 'å…³é”®å­—',
  `description` varchar(50) NOT NULL COMMENT 'æè¿°',
  `sort` tinyint(3) unsigned NOT NULL DEFAULT '1' COMMENT 'æ’åº',
  `is_show` varchar(1) NOT NULL DEFAULT '1' COMMENT 'æ˜¯å¦æ˜¾ç¤º;1æ˜¾ç¤ºï¼Œ0ä¸æ˜¾ç¤º',
  PRIMARY KEY (`id`)
) ENGINE=MyISAM  DEFAULT CHARSET=utf8 COMMENT='AIå¯¼èˆª' AUTO_INCREMENT=32 ;

--
-- è½¬å­˜è¡¨ä¸­çš„æ•°æ® `w_ai_nav`
--

INSERT INTO `w_ai_nav` (`id`, `nav_name`, `nav_biaoshi`, `keyword`, `description`, `sort`, `is_show`) VALUES
(31, 'id_word', 'èº«ä»½è¯è¯†åˆ«', '', '', 5, '1'),
(27, 'img_word', 'å›¾ç‰‡æå–æ–‡å­—', '', '', 1, '1'),
(25, 'cert_word', 'è¯ä»¶å·ç è¯†åˆ«', 'è¯ä»¶å·ç è¯†åˆ«', 'è¯ä»¶å·ç è¯†åˆ«', 4, '1'),
(28, 'bill_word', 'ç¥¨æ®è¯†åˆ«', 'ç¥¨æ®è¯†åˆ«', '', 3, '1'),
(30, 'net_work', 'ç½‘ç»œå›¾ç‰‡æå–æ–‡å­—', 'ç½‘ç»œå›¾ç‰‡æå–æ–‡å­—', 'ç½‘ç»œå›¾ç‰‡æå–æ–‡å­—', 2, '1');

-- --------------------------------------------------------

--
-- è¡¨çš„ç»“æ„ `w_ai_page`
--

CREATE TABLE IF NOT EXISTS `w_ai_page` (
  `id` tinyint(4) unsigned NOT NULL AUTO_INCREMENT,
  `tit` varchar(20) NOT NULL COMMENT 'æ ‡é¢˜',
  `keyword` varchar(20) NOT NULL COMMENT 'å…³é”®å­—',
  `description` varchar(50) NOT NULL COMMENT 'æè¿°',
  `t` date NOT NULL COMMENT 'æ—¶é—´',
  `con` text NOT NULL COMMENT 'æ—¶é—´',
  `sort` tinyint(3) unsigned NOT NULL COMMENT 'æ’åº',
  PRIMARY KEY (`id`)
) ENGINE=MyISAM  DEFAULT CHARSET=utf8 COMMENT='AIæ–‡æ¡£' AUTO_INCREMENT=21 ;

--
-- è½¬å­˜è¡¨ä¸­çš„æ•°æ® `w_ai_page`
--

INSERT INTO `w_ai_page` (`id`, `tit`, `keyword`, `description`, `t`, `con`, `sort`) VALUES
(17, 'æµ‹è¯•æ–‡ç« 2', '', '', '2018-12-29', '<span style=\\"font-weight: bold;\\">æµ‹è¯•æ–‡ç« å†…å®¹</span>', 1),
(14, 'æµ‹è¯•æ–‡ç« ', 'æµ‹è¯•æ–‡ç« ', 'æµ‹è¯•æ–‡ç« ', '2018-12-18', '<blockquote>æœ¬ç«™å±äºä¸ªäººå­¦ä¹ äº¤æµç½‘ç«™ï¼Œç”¨äºæ™ºèƒ½æå–è½¬æ¢å›¾åƒã€éŸ³é¢‘ï¼Œä¸ºå·¥ä½œã€å­¦ä¹ æä¾›ä¾¿æ·</blockquote>', 45),
(18, 'ä¿®æ”¹æµ‹è¯•æ–‡ç« ', '', '', '2018-12-30', '<span style=\\"background-color: yellow;\\">1234</span>', 1),
(19, 'ç½‘ç«™ä»‹ç»', '', '', '2018-12-30', 'ç½‘ç«™åŠŸèƒ½ä»‹ç»ï¼Œä½¿ç”¨ä»‹ç»', 1),
(20, 'ai ä»‹ç»', '', '', '2018-12-30', '<span style=\\"font-weight: bold;\\">å›¾ç‰‡æå–ä½¿ç”¨è¯´æ˜</span>', 1);

-- --------------------------------------------------------

--
-- è¡¨çš„ç»“æ„ `w_log_login`
--

CREATE TABLE IF NOT EXISTS `w_log_login` (
  `id` tinyint(3) unsigned NOT NULL AUTO_INCREMENT,
  `uid` tinyint(3) unsigned NOT NULL COMMENT 'ç™»å½•ç”¨æˆ·ID',
  `t` datetime NOT NULL COMMENT 'ç™»å½•æ—¶é—´',
  `shebie` varchar(100) NOT NULL COMMENT 'ç™»å½•è®¾å¤‡',
  `ip` varchar(20) NOT NULL COMMENT 'ç™»å½•IP',
  PRIMARY KEY (`id`)
) ENGINE=MyISAM  DEFAULT CHARSET=utf8 COMMENT='ç™»é™†è®°å½•' AUTO_INCREMENT=1 ;

--
-- è½¬å­˜è¡¨ä¸­çš„æ•°æ® `w_log_login`
--

-- --------------------------------------------------------

--
-- è¡¨çš„ç»“æ„ `w_log_operate`
--

CREATE TABLE IF NOT EXISTS `w_log_operate` (
  `id` tinyint(3) unsigned NOT NULL AUTO_INCREMENT,
  `uid` tinyint(3) unsigned NOT NULL COMMENT 'ç®¡ç†å‘˜ID',
  `t` datetime NOT NULL COMMENT 'æ“ä½œæ—¶é—´',
  `behavior` tinyint(4) unsigned NOT NULL COMMENT 'æ“ä½œè¡Œä¸º',
  `details` varchar(255) NOT NULL COMMENT 'æ“ä½œè¯¦æƒ…',
  PRIMARY KEY (`id`)
) ENGINE=MyISAM  DEFAULT CHARSET=utf8 COMMENT='æ“ä½œè®°å½•' AUTO_INCREMENT=1 ;

--
-- è½¬å­˜è¡¨ä¸­çš„æ•°æ® `w_log_operate`
--

-- --------------------------------------------------------

--
-- è¡¨çš„ç»“æ„ `w_sys_sset`
--

CREATE TABLE IF NOT EXISTS `w_sys_sset` (
  `id` tinyint(3) unsigned NOT NULL AUTO_INCREMENT,
  `systid` tinyint(3) unsigned NOT NULL COMMENT 'è®¾ç½®é¡¹ç±»å‹',
  `syskey` varchar(20) NOT NULL COMMENT 'è®¾ç½®é¡¹åç§°',
  `sysval` varchar(255) NOT NULL COMMENT 'è®¾ç½®é¡¹å€¼;å¤šä¸ªå€¼ä¸­é—´ç”¨è‹±æ–‡é€—å·åˆ†éš”',
  `notes` varchar(50) NOT NULL COMMENT 'è®¾ç½®é¡¹è¯´æ˜',
  `is_sys` varchar(1) NOT NULL DEFAULT '1' COMMENT 'æ˜¯å¦ç³»ç»Ÿå†…ç½®;ç³»ç»Ÿå†…ç½®ä¸å¯åˆ é™¤ï¼›1ä¸åˆ é™¤,0å¯ä»¥åˆ é™¤',
  PRIMARY KEY (`id`)
) ENGINE=MyISAM  DEFAULT CHARSET=utf8 COMMENT='ç³»ç»Ÿè®¾ç½®' AUTO_INCREMENT=29 ;

--
-- è½¬å­˜è¡¨ä¸­çš„æ•°æ® `w_sys_sset`
--

INSERT INTO `w_sys_sset` (`id`, `systid`, `syskey`, `sysval`, `notes`, `is_sys`) VALUES
(1, 1, 'user_only_sign', '0', 'æ˜¯å¦å…è®¸åŒä¸€è´¦å·å¤šè®¾å¤‡ç»ˆç«¯åŒæ—¶ç™»é™†ï¼›1å…è®¸ï¼Œ0ä¸å…è®¸', '1'),
(2, 1, 'back_nav', '10,13', 'åå°é¡¶éƒ¨æ˜¾ç¤ºå¯¼èˆªID', '1'),
(6, 3, 'smtp_server', 'smtp.sina.com', 'æ–°æµªSMTPé‚®ç®±æœåŠ¡å™¨', '1'),
(7, 3, 'smtp_server_port', '25', 'SMTPæœåŠ¡å™¨ç«¯å£', '1'),
(8, 3, 'smtp_user_email', '', 'SMTPæœåŠ¡å™¨çš„ç”¨æˆ·é‚®ç®±è´¦å·', '1'),
(10, 3, 'smtp_pass', '', 'SMTPæœåŠ¡å™¨çš„ç”¨æˆ·å¯†ç ', '1'),
(3, 1, 'pass_error_num', '5', 'ç®¡ç†å‘˜ç™»å½•å¯†ç é”™è¯¯æ¬¡æ•°ï¼Œè¶…è¿‡é™åˆ¶è‡ªåŠ¨å°é”ï¼Œlock_t æ—¶é—´åè‡ªåŠ¨è§£é”', '1'),
(17, 18, 'web_title', 'æ™ºèƒ½å°å·¥å…·', 'AI ç«™ç‚¹ç½‘ç«™åç§°', '0'),
(4, 2, 'email_interval_t', '120', 'å‘é€é‚®ä»¶æ—¶é—´é—´éš”ï¼Œæ—¶é—´å•ä½ç§’', '1'),
(19, 1, 'email_send_c', '50', 'email_t æ—¶é—´å†…å¯å‘é€çš„é‚®ä»¶æ¬¡æ•°', '1'),
(20, 2, 'lock_t', '0', 'ç™»å½•å¯†ç é”™è¯¯è§£å°æ—¶é—´', '1'),
(21, 2, 'email_t', '86400', 'é‚®ä»¶å‘é€è¶…è¿‡æœ€å¤§é™é¢å¤šé•¿æ—¶é—´åå¯ä»¥å†æ¬¡å‘é€ï¼Œå•ä½æ˜¯ç§’', '1'),
(22, 2, 'email_activate_t', '1800', 'å‘é€é‚®ä»¶åé‚®ä»¶æœ‰æ•ˆæ—¶é—´å†…æ¿€æ´»', '1'),
(18, 18, 'web_foot', 'ä¸ªäººå­¦ä¹ äº¤æµç½‘ç«™<br/>æœ‰é—®é¢˜è¯·è”ç³» <a href=\\"https://mail.qq.com\\">php.develop@qq.com</a>', 'ç½‘ç«™åº•éƒ¨', '0'),
(24, 21, '111', '1111', '', '0'),
(26, 21, 'dsfs', 'dsfds', 'cese', '0'),
(27, 18, 'img_word_imgsize', '4194304', 'å›¾ç‰‡æå–æ–‡å­—ä¸Šä¼ å›¾ç‰‡çš„å¤§å°é™åˆ¶ï¼Œå•ä½å­—èŠ‚', '0'),
(28, 18, 'img_word_imgtype', 'PNG,JPG,JPEG,BMP', 'å›¾ç‰‡æå–æ–‡å­—å…è®¸çš„å›¾ç‰‡ç±»å‹', '0');

-- --------------------------------------------------------

--
-- è¡¨çš„ç»“æ„ `w_sys_stype`
--

CREATE TABLE IF NOT EXISTS `w_sys_stype` (
  `id` tinyint(4) unsigned NOT NULL AUTO_INCREMENT,
  `systype` varchar(30) NOT NULL COMMENT 'ç±»å‹åç§°',
  PRIMARY KEY (`id`)
) ENGINE=MyISAM  DEFAULT CHARSET=utf8 COMMENT='è®¾ç½®åˆ†ç±»' AUTO_INCREMENT=22 ;

--
-- è½¬å­˜è¡¨ä¸­çš„æ•°æ® `w_sys_stype`
--

INSERT INTO `w_sys_stype` (`id`, `systype`) VALUES
(1, 'åç«¯'),
(2, 'æ—¶é—´é™åˆ¶'),
(21, '4445'),
(3, 'é‚®ä»¶æœåŠ¡å™¨é…ç½®'),
(18, 'AIå‰ç«¯');

/*!40101 SET CHARACTER_SET_CLIENT=@OLD_CHARACTER_SET_CLIENT */;
/*!40101 SET CHARACTER_SET_RESULTS=@OLD_CHARACTER_SET_RESULTS */;
/*!40101 SET COLLATION_CONNECTION=@OLD_COLLATION_CONNECTION */;
